{
  "group": "Admin",
  "location": {
    "world": "Universe",
    "x": -477.30000001192093,
    "y": 91.20000004768372,
    "z": -388.13751858216426,
    "yaw": -359.84943,
    "pitch": -16.049952
  },
  "operator": true,
  "can-fly": true,
  "walk-speed": 0.199998,
  "fly-speed": 0.099999
}