{
  "group": "Admin",
  "location": {
    "world": "Universe",
    "x": 302.34692161720636,
    "y": 83.0,
    "z": 522.7472598032709,
    "yaw": -340.32434,
    "pitch": 9.569691
  },
  "operator": true,
  "can-fly": true,
  "walk-speed": 0.199998,
  "fly-speed": 0.099999
}