{
  "group": "Citizen",
  "location": {
    "world": "Universe",
    "x": -467.46425315108434,
    "y": 79.0,
    "z": -364.81945247629335,
    "yaw": -8.249634,
    "pitch": 13.200007
  },
  "operator": true,
  "can-fly": false,
  "walk-speed": 0.2,
  "fly-speed": 0.1
}