{
  "group": "Citizen",
  "location": {
    "world": "Universe",
    "x": -466.73128193369047,
    "y": 80.11265482239999,
    "z": -355.1576927499286,
    "yaw": -15.599999,
    "pitch": 10.200001
  },
  "operator": true,
  "can-fly": true,
  "walk-speed": 0.2,
  "fly-speed": 0.1
}