{
  "group": "Admin",
  "location": {
    "world": "Universe",
    "x": -471.30000001192093,
    "y": 86.0,
    "z": -476.6268142720276,
    "yaw": -271.19135,
    "pitch": 30.000042
  },
  "operator": true,
  "can-fly": true,
  "walk-speed": 0.199998,
  "fly-speed": 0.099999
}