{
  "group": "Citizen",
  "location": {
    "world": "Universe",
    "x": -473.84386614876087,
    "y": 79.0,
    "z": -364.9321087986096,
    "yaw": -121.650185,
    "pitch": -1.4999979
  },
  "operator": true,
  "can-fly": false,
  "walk-speed": 0.2,
  "fly-speed": 0.1
}