{
  "group": "Citizen",
  "location": {
    "world": "Universe",
    "x": -1286.572710180512,
    "y": 71.5,
    "z": 1079.2865201168336,
    "yaw": -5.4927053,
    "pitch": 17.825296
  },
  "operator": false,
  "can-fly": false,
  "walk-speed": 0.2,
  "fly-speed": 0.1
}