{
  "group": "Citizen",
  "location": {
    "world": "Universe",
    "x": -282.1760246431552,
    "y": 63.5,
    "z": -132.37692007660192,
    "yaw": 270.89746,
    "pitch": 13.800051
  },
  "operator": false,
  "can-fly": false,
  "walk-speed": 0.2,
  "fly-speed": 0.1
}