{
  "group": "GM",
  "location": {
    "world": "Universe",
    "x": -1036.114878433713,
    "y": 119.0,
    "z": -718.0523110313318,
    "yaw": -348.979,
    "pitch": 12.917921
  },
  "operator": false,
  "can-fly": true,
  "walk-speed": 0.2,
  "fly-speed": 0.1
}